time,x,y,z,qx,qy,qz,qw
0.0,1.0,0.0,0.0,0.0,0.7071067811865475,0.0,0.7071067811865476
0.002004008016032064,0.9980188142145753,0.06291618610288617,0.004008016032064128,-0.044488461839745634,0.7057058712828833,0.0,0.7071067811865476
0.004008016032064128,0.9920831070525339,0.125583074898612,0.008016032064128256,-0.08880064386306664,0.7015086924974663,0.0,0.7071067811865476
0.0060120240480961915,0.9822163979911879,0.18775235688857975,0.012024048096192383,-0.13276096473967153,0.6945318756121936,0.0,0.7071067811865476
0.008016032064128256,0.9684577825980193,0.2491776942772522,0.01603206412825651,-0.1761952373438734,0.6848030653679467,0.0,0.7071067811865475
0.01002004008016032,0.9508617776195165,0.3096156970540307,0.02004008016032064,-0.21893135894870486,0.6723608109258551,0.0,0.7071067811865475
0.012024048096192383,0.9294981049655667,0.36882688739491354,0.024048096192384766,-0.2607999931608705,0.6572544131211976,0.0,0.7071067811865476
0.014028056112224447,0.904451415445343,0.42657664856261784,0.028056112224448895,-0.3016352408944578,0.6395437291151734,0.0,0.7071067811865476
0.01603206412825651,0.8758209533493444,0.4826361545452695,0.03206412825651302,-0.3412752977247586,0.6192989352185884,0.0,0.7071067811865476
0.018036072144288574,0.8437201632066401,0.536783276750087,0.03607214428857715,-0.3795630950175217,0.5966002488272358,0.0,0.7071067811865476
0.02004008016032064,0.8082762402754935,0.5888034641594024,0.04008016032064128,-0.4163469222932437,0.5715376105707686,0.0,0.7071067811865476
0.022044088176352703,0.7696296265484863,0.638490593461515,0.044088176352705406,-0.4514810283604604,0.5442103279345049,0.0,0.7071067811865475
0.024048096192384766,0.7279334542691597,0.6856477857878411,0.04809619238476953,-0.4848261988361238,0.5147266817662703,0.0,0.7071067811865476
0.026052104208416832,0.6833529391651668,0.7300881868201458,0.052104208416833664,-0.516250307764716,0.4832034972274477,0.0,0.7071067811865475
0.028056112224448895,0.6360647258021697,0.771635707176781,0.05611222444889779,-0.5456288411503789,0.4497656808882761,0.0,0.7071067811865475
0.03006012024048096,0.5862561876524337,0.8101257201442468,0.06012024048096192,-0.572845390327632,0.414545725801609,0.0,0.7071067811865476
0.03206412825651302,0.5341246846515093,0.8454057139893991,0.06412825651302605,-0.597792113215759,0.37768318651620847,0.0,0.7071067811865476
0.03406813627254509,0.47987678118483296,0.8773358962676061,0.06813627254509018,-0.6203701616292017,0.3393241261097685,0.0,0.7071067811865476
0.03607214428857715,0.423727427602879,0.9057897477323569,0.0721442885771543,-0.6404900729508018,0.29962053743272765,0.0,0.7071067811865476
0.038076152304609215,0.36589910850800234,0.9306545236515261,0.07615230460921843,-0.6580721246159302,0.25872974085612077,0.0,0.7071067811865476
0.04008016032064128,0.30662096118777443,0.9518317005438963,0.08016032064128256,-0.6730466500029122,0.2168137609098125,0.0,0.7071067811865475
0.04208416833667334,0.24612786768790973,0.969237366565798,0.08416833667334668,-0.6853543144780673,0.17403868428110628,0.0,0.7071067811865475
0.044088176352705406,0.18465952412232448,0.9828025540010144,0.08817635270541081,-0.6949463505015754,0.1305740017175765,0.0,0.7071067811865476
0.04609218436873747,0.12245949090807033,0.9924735125364988,0.09218436873747494,-0.7017847508625903,0.0865919364417489,0.0,0.7071067811865476
0.04809619238476953,0.05977422768846139,0.9982119222410881,0.09619238476953906,-0.705842419277932,0.04226676173869974,0.0,0.7071067811865475
0.0501002004008016,-0.003147883231609792,0.999995045403306,0.1002004008016032,-0.7071032777576272,-0.0022258895794547073,0.0,0.7071067811865476
0.052104208416833664,-0.0660575210686557,0.9978158166266279,0.10420841683366733,-0.7055623303118811,-0.046709721096019674,0.0,0.7071067811865475
0.05410821643286573,-0.12870541446217837,0.9916828708252042,0.10821643286573146,-0.701225682747045,-0.09100847134163147,0.0,0.7071067811865476
0.05611222444889779,-0.19084332918042152,0.9816205090091249,0.11222444889779558,-0.6941105184721427,-0.13494661220769258,0.0,0.7071067811865475
0.058116232464929855,-0.2522250517166341,0.967668601994785,0.11623246492985971,-0.6842450304118187,-0.17835004445395963,0.0,0.7071067811865475
0.06012024048096192,-0.31260736487846874,0.9498824324218973,0.12024048096192384,-0.671668309295496,-0.2210467875544226,0.0,0.7071067811865475
0.06212424849699398,-0.3717510115048707,0.9283324757031316,0.12424849699398796,-0.6564301887653803,-0.2628676611480524,0.0,0.7071067811865476
0.06412825651302605,-0.42942164249185133,0.9031041207743438,0.1282565130260521,-0.6385910479170532,-0.3036469553942534,0.0,0.7071067811865476
0.06613226452905811,-0.48539074537071447,0.874297331751883,0.13226452905811623,-0.618221572055061,-0.34322308757682496,0.0,0.7071067811865476
0.06813627254509018,-0.5394365497593678,0.8420262518376188,0.13627254509018036,-0.595402472611472,-0.38143924235472343,0.0,0.7071067811865476
0.07014028056112225,-0.5913449060989772,0.8064187510411647,0.1402805611222445,-0.5702241673371937,-0.4181439931227089,0.0,0.7071067811865476
0.0721442885771543,-0.6409101341940937,0.7676159195113849,0.1442885771543086,-0.5427864220332472,-0.4531919020198238,0.0,0.7071067811865476
0.07414829659318636,-0.68793583819401,0.7257715084848019,0.14829659318637273,-0.5131979552415933,-0.486444096208236,0.0,0.7071067811865476
0.07615230460921843,-0.7322356847860984,0.681051321066066,0.15230460921843686,-0.48157600746187185,-0.5177688181390254,0.0,0.7071067811865476
0.0781563126252505,-0.7736341415176284,0.6336325552544488,0.156312625250501,-0.4480458766009805,-0.5470419476245483,0.0,0.7071067811865475
0.08016032064128256,-0.8119671723205708,0.5837031018195264,0.16032064128256512,-0.41274042149620893,-0.5741474936487416,0.0,0.7071067811865476
0.08216432865731463,-0.847082887483447,0.5314607998081382,0.16432865731462926,-0.37579953547916073,-0.5989780539666266,0.0,0.7071067811865476
0.08416833667334668,-0.8788421454948055,0.4771126526325694,0.16833667334669336,-0.33736959206639155,-0.6214352406719115,0.0,0.7071067811865476
0.08617234468937875,-0.9071191043735917,0.42087400784611634,0.1723446893787575,-0.2976028649731491,-0.6414300700464343,0.0,0.7071067811865476
0.08817635270541081,-0.9318017203018333,0.3629677038560648,0.17635270541082163,-0.256656924748334,-0.658883315146717,0.0,0.7071067811865476
0.09018036072144288,-0.9527921915838827,0.30362318695511703,0.18036072144288576,-0.21469401442143413,-0.6737258197305556,0.0,0.7071067811865475
0.09218436873747494,-0.9700073461730726,0.24307560216992807,0.1843687374749499,-0.17188040663535958,-0.6858987722797465,0.0,0.7071067811865475
0.09418837675350701,-0.9833789712302712,0.18156486152913345,0.18837675350701402,-0.12838574481244677,-0.6953539390331755,0.0,0.7071067811865476
0.09619238476953906,-0.9928540834084958,0.11933469344275104,0.19238476953907813,-0.08438237096418709,-0.7020538551069015,0.0,0.7071067811865476
0.09819639278557113,-0.9983951387926212,0.05663167695965503,0.19639278557114226,-0.040044642808138034,-0.7059719729439468,0.0,0.7071067811865476
0.1002004008016032,-0.9999801816623204,-0.006295735270235879,0.2004008016032064,0.004451757102139111,-0.7070927675055824,0.0,0.7071067811865475
0.10220440881763526,-0.9976029314887879,-0.06919820145767396,0.20440881763527052,0.04893051749663409,-0.7054117977873007,0.0,0.7071067811865475
0.10420841683366733,-0.9912728078205281,-0.1318264786589027,0.20841683366733466,0.0932153969996538,-0.7009357244157247,0.0,0.7071067811865476
0.1062124248496994,-0.9810148929596046,-0.1939324103688078,0.2124248496993988,0.1371309224636363,-0.6936822832567314,0.0,0.7071067811865475
0.10821643286573146,-0.9668698325762379,-0.25526990980920167,0.21643286573146292,0.18050308425896489,-0.6836802151393597,0.0,0.7071067811865475
0.11022044088176351,-0.9488936746555592,-0.3155959350160738,0.22044088176352702,0.22316002576477476,-0.6709691519739674,0.0,0.7071067811865475
0.11222444889779558,-0.9271576474146664,-0.37467145186216266,0.22444889779559116,0.2649327243287444,-0.6555994597158767,0.0,0.7071067811865476
0.11422845691382764,-0.9017478770699622,-0.43226238119898436,0.2284569138276553,0.30565566099764624,-0.6376320387967435,0.0,0.7071067811865476
0.11623246492985971,-0.8727650465730824,-0.4881405263653952,0.23246492985971942,0.3451674763649416,-0.6171380828144195,0.0,0.7071067811865476
0.11823647294589178,-0.8403239966676302,-0.5420844773875567,0.23647294589178355,0.38331160993670704,-0.5941987964374631,0.0,0.7071067811865476
0.12024048096192384,-0.80455327084748,-0.5938804882875186,0.24048096192384769,0.4199369204824824,-0.5689050736420701,0.0,0.7071067811865476
0.1222444889779559,-0.7655946060196894,-0.6433233240242084,0.2444889779559118,0.45489828491298834,-0.5413571375563656,0.0,0.7071067811865476
0.12424849699398796,-0.7236023708902111,-0.69021707371092,0.24849699398797592,0.48805717331172666,-0.5116641433391315,0.0,0.7071067811865475
0.12625250501002003,-0.6787429542977178,-0.7343759268870449,0.25250501002004005,0.5192821978419856,-0.4799437456665071,0.0,0.7071067811865476
0.1282565130260521,-0.6311941059192012,-0.7756249097681561,0.2565130260521042,0.5484496333542672,-0.4463216325404471,0.0,0.7071067811865476
0.13026052104208416,-0.5811442319597029,-0.8138005785571593,0.2605210420841683,0.5754439076313029,-0.4109310272661538,0.0,0.7071067811865476
0.13226452905811623,-0.5287916486169242,-0.8487516670693467,0.26452905811623245,0.600158059328122,-0.3739121605718412,0.0,0.7071067811865476
0.1342685370741483,-0.47434379627876255,-0.8803396861052281,0.2685370741482966,0.6224941617926435,-0.33541171496248323,0.0,0.7071067811865476
0.13627254509018036,-0.418016417567418,-0.9084394721961953,0.2725450901803607,0.6423637110874578,-0.29558224350922874,0.0,0.7071067811865476
0.13827655310621242,-0.36003270248695596,-0.9329396835486948,0.27655310621242485,0.6596879766753139,-0.25458156537744536,0.0,0.7071067811865476
0.1402805611222445,-0.3006224040615835,-0.953743241221784,0.280561122244489,0.6743983133787605,-0.212572140488548,0.0,0.7071067811865476
0.14228456913827653,-0.24002092796879626,-0.9707677137899664,0.28456913827655306,0.6864364333778468,-0.1697204257934237,0.0,0.7071067811865475
0.1442885771543086,-0.17846839977461734,-0.9839456439671286,0.2885771543086172,0.695754637168121,-0.12619621570814366,0.0,0.7071067811865476
0.14629258517034066,-0.11620871346687651,-0.9932248158973743,0.2925851703406813,0.7023160025637937,-0.08217196932539286,0.0,0.7071067811865476
0.14829659318637273,-0.05348856505660956,-0.9985684620536466,0.29659318637274545,0.7060945309971551,-0.037822127067466425,0.0,0.7071067811865476
0.1503006012024048,0.00944352492320321,-0.9999554089243303,0.3006012024048096,0.7070752505345611,0.006677580511501161,-0.0,0.7071067811865476
0.15230460921843686,0.07233819614833258,-0.9973801609105755,0.3046092184368737,0.7052542752007978,0.05115082903528856,-0.0,0.7071067811865476
0.15430861723446893,0.13494623656155635,-0.9908529221018992,0.30861723446893785,0.7006388203767588,0.0954213989682805,-0.0,0.7071067811865476
0.156312625250501,0.19701956984343552,-0.9803995558437937,0.312625250501002,0.6932471742094257,0.13931387386274988,-0.0,0.7071067811865475
0.15831663326653306,0.25831223838286616,-0.9660614822575392,0.3166332665330661,0.6831086251474335,0.1826543354240006,-0.0,0.7071067811865475
0.16032064128256512,0.3185813778525268,-0.9478955141182944,0.32064128256513025,0.6702633458893548,0.2252710526392755,-0.0,0.7071067811865475
0.1623246492985972,0.3775881795275818,-0.9259736317417719,0.3246492985971944,0.6547622342045418,0.26699516223983655,-0.0,0.7071067811865476
0.16432865731462926,0.43509883653458786,-0.9003826977714797,0.3286573146292585,0.6366667112572512,0.3076613377999842,-0.0,0.7071067811865476
0.16633266533066132,0.49088547028119955,-0.8712241129966533,0.33266533066132264,0.6160484782331686,0.34710844482178366,-0.0,0.7071067811865476
0.16833667334669336,0.5447270333958262,-0.8386134145646505,0.3366733466933867,0.5929892322326699,0.3851801792098196,-0.0,0.7071067811865476
0.17034068136272543,0.5964101855994527,-0.8026798181798434,0.34068136272545085,0.5675803425565522,0.4217256866061004,-0.0,0.7071067811865476
0.1723446893787575,0.6457301390390943,-0.7635657061029862,0.344689378757515,0.539922488666916,0.4566001601310757,-0.0,0.7071067811865476
0.17434869739478956,0.6924914697333668,-0.7214260629797912,0.3486973947895791,0.5101252612577236,0.4896654141623025,-0.0,0.7071067811865475
0.17635270541082163,0.7365088919149122,-0.676427861734175,0.35270541082164325,0.4783067280157515,0.5207904318772244,-0.0,0.7071067811865476
0.1783567134268537,0.7776079922014562,-0.6287494019594931,0.3567134268537074,0.4445929657925439,0.5498518843905056,-0.0,0.7071067811865475
0.18036072144288576,0.8156259206864361,-0.5785796034292976,0.3607214428857715,0.40911756104107977,0.5767346194289001,-0.0,0.7071067811865476
0.18236472945891782,0.8504120362108398,-0.5261172575270013,0.36472945891783565,0.37202108049661187,0.6013321176073447,-0.0,0.7071067811865476
0.1843687374749499,0.8818285032594536,-0.47157023956054683,0.3687374749498998,0.33345051419902744,0.6235469144983432,-0.0,0.7071067811865476
0.18637274549098196,0.9097508381163876,-0.415154685083199,0.3727454909819639,0.2935586930636957,0.6432909868222427,-0.0,0.7071067811865476
0.18837675350701402,0.9340684021158131,-0.3570941334841718,0.37675350701402804,0.252503683308592,0.6604861012281743,-0.0,0.7071067811865476
0.1903807615230461,0.9546848400334661,-0.2976186422425106,0.3807615230460922,0.21044816013721232,0.6750641242836583,-0.0,0.7071067811865475
0.19238476953907813,0.9715184618818493,-0.23696387535387287,0.38476953907815625,0.16755876315896728,0.68696729244458,-0.0,0.7071067811865476
0.1943887775551102,0.9845025665963166,-0.17537016954221465,0.3887775551102204,0.12400543610113451,0.6961484409358161,-0.0,0.7071067811865475
0.19639278557114226,0.9935857063294744,-0.11308158195638734,0.3927855711422845,0.07996075342866382,0.702571190635597,-0.0,0.7071067811865476
0.19839679358717432,0.9987318903066704,-0.05034492312502847,0.39679358717434865,0.03559923654002307,0.7062100922231058,-0.0,0.7071067811865475
0.2004008016032064,0.9999207274348144,0.012591220998456703,0.4008016032064128,-0.008903337751427187,0.7070507270181428,0.0,0.7071067811865475
0.20240480961923846,0.9971475070994673,0.07547747402581531,0.4048096192384769,-0.05337063371048551,0.7050897641132944,0.0,0.7071067811865476
0.20440881763527052,0.9904232178300462,0.1380646572558545,0.40881763527054105,-0.0976264553878112,0.7003349735722268,0.0,0.7071067811865476
0.2064128256513026,0.9797745037591863,0.20010477701304497,0.4128256513026052,-0.14149544477374607,0.6928051956418051,0.0,0.7071067811865475
0.20841683366733466,0.9652435590487879,0.26135200729060687,0.4168336673346693,-0.18480377663190412,0.6825302661000355,0.0,0.7071067811865475
0.21042084168336672,0.946887960701069,0.3215636638044961,0.42084168336673344,-0.22737984725935034,0.669550898035627,0.0,0.7071067811865475
0.2124248496993988,0.9247804404170886,0.38050116559870817,0.4248496993987976,-0.269054954444232,0.6539185205276054,0.0,0.7071067811865476
0.21442885771543085,0.899008596406722,0.4379309803916768,0.4288577154308617,-0.30966396592662765,0.6356950748641932,0.0,0.7071067811865477
0.21643286573146292,0.869674546292004,0.49362554991794816,0.43286573146292584,-0.34904597371391977,0.6149527691084101,0.0,0.7071067811865476
0.21843687374749496,0.8368945224791677,0.5473641915985789,0.4368737474949899,-0.3870449316580478,0.591773791982897,0.0,0.7071067811865476
0.22044088176352702,0.8007984116026604,0.5989339729675185,0.44088176352705405,-0.42351027376833267,0.5662499872076572,0.0,0.7071067811865476
0.2224448897795591,0.7615292398660373,0.6481305553891559,0.4448897795591182,-0.4582975108098753,0.5384824895811118,0.0,0.7071067811865476
0.22444889779559116,0.7192426063189984,0.6947590037239204,0.4488977955911823,-0.49126880282359386,0.5085813242464501,0.0,0.7071067811865476
0.22645290581162322,0.6741060663161369,0.7386345587337383,0.45290581162324645,-0.5222935052993595,0.4766649707311289,0.0,0.7071067811865475
0.2284569138276553,0.6262984676003678,0.7795833691667821,0.4569138276553106,-0.5512486868380873,0.44285989348696325,0.0,0.7071067811865475
0.23046092184368736,0.5760092416417125,0.8174431806207324,0.4609218436873747,-0.5780196162516197,0.4073000407909756,0.0,0.7071067811865476
0.23246492985971942,0.5234376530394297,0.8520639784550064,0.46492985971943884,-0.6025002171703233,0.370126313992552,0.0,0.7071067811865476
0.2344689378757515,0.4687920099616306,0.8833085822045058,0.468937875751503,-0.6245934883570811,0.3314860092099406,0.0,0.7071067811865476
0.23647294589178355,0.412288838750919,0.9110531891395905,0.4729458917835671,-0.6442118880622347,0.29153223368830183,0.0,0.7071067811865476
0.23847695390781562,0.35415202596656215,0.935187864818497,0.47695390781563124,-0.6612776808965275,0.25042329913191036,0.0,0.7071067811865476
0.24048096192384769,0.2946119312627567,0.9556169786884434,0.48096192384769537,-0.6757232458475988,0.20832209441436028,0.0,0.7071067811865475
0.24248496993987975,0.23390447461808267,0.9722595830094136,0.4849699398797595,-0.6874913442195614,0.16539544015232294,0.0,0.7071067811865475
0.2444889779559118,0.17227020153288664,0.9850497335991816,0.4889779559118236,-0.6965353464339834,0.12181342770027731,0.0,0.7071067811865476
0.24649298597194386,0.10995332989863306,0.9939367511286632,0.4929859719438877,-0.7028194167936036,0.07774874518536501,0.0,0.7071067811865476
0.24849699398797592,0.04720078231586893,0.9988854219322506,0.49699398797595185,-0.70631865547668,0.033375993252860996,0.0,0.7071067811865475
0.250501002004008,-0.015738792304865447,0.9998761375374375,0.501002004008016,-0.707019197199335,-0.011129006766457008,0.0,0.7071067811865475
0.25250501002004005,-0.0786160039824124,0.9969049723608752,0.5050100200400801,-0.7049182661549626,-0.055589909525752434,0.0,0.7071067811865476
0.2545090180360721,-0.1411817098407648,0.9899836992629919,0.5090180360721442,-0.7000241870130053,-0.09983054440791632,0.0,0.7071067811865476
0.2565130260521042,-0.20318800130572023,0.979139742899545,0.5130260521042084,-0.692356351933521,-0.14367561357901584,0.0,0.7071067811865475
0.25851703406813625,-0.2643891864107642,0.9644160710549439,0.5170340681362725,-0.681945143728238,-0.18695138658344557,0.0,0.7071067811865475
0.2605210420841683,-0.32454276331993415,0.9458710243879244,0.5210420841683366,-0.6688318154725675,-0.22948638872854615,0.0,0.7071067811865475
0.2625250501002004,-0.38341038121020027,0.92357808526418,0.5250501002004008,-0.653068327045589,-0.2711120805310519,0.0,0.7071067811865476
0.26452905811623245,-0.44075878470599056,0.8976255865919254,0.5290581162324649,-0.6347171392457029,-0.3116635255331475,0.0,0.7071067811865476
0.2665330661322645,-0.49636073812366127,0.8681163618140912,0.533066132264529,-0.6138509662977384,-0.35098004384200093,0.0,0.7071067811865476
0.2685370741482966,-0.5499959258637034,0.8351673374440164,0.5370741482965932,-0.5905524877321776,-0.38890584880319834,0.0,0.7071067811865476
0.27054108216432865,-0.6014518253830202,0.7989090697591515,0.5410821643286573,-0.5649140207781326,-0.4252906642853609,0.0,0.7071067811865476
0.2725450901803607,-0.650524549288204,0.7594852274885794,0.5450901803607214,-0.5370371545681821,-0.45999032013001157,0.0,0.7071067811865475
0.2745490981963928,-0.6970196532131486,0.7170520225441261,0.5490981963927856,-0.5070323476044808,-0.4928673234073131,0.0,0.7071067811865476
0.27655310621242485,-0.7407529062798782,0.6717775910507242,0.5531062124248497,-0.47501849008113045,-0.523791403214145,0.0,0.7071067811865476
0.2785571142284569,-0.7815510210897403,0.6238413271286091,0.5571142284569138,-0.4411224327970548,-0.5526400268558258,0.0,0.7071067811865476
0.280561122244489,-0.8192523403524681,0.5734331720671588,0.561122244488978,-0.4054784845260003,-0.5792988853661796,0.0,0.7071067811865476
0.282565130260521,-0.8537074774324315,0.5207528617069276,0.565130260521042,-0.3682278798352689,-0.6036623464421338,0.0,0.7071067811865476
0.28456913827655306,-0.8847799082739958,0.46600913501202895,0.5691382765531061,-0.3295182194618831,-0.625633872998154,0.0,0.7071067811865476
0.2865731462925851,-0.9123465123605558,0.409418906968804,0.5731462925851702,-0.28950288546362557,-0.6451264056820453,0.0,0.7071067811865476
0.2885771543086172,-0.9362980605637747,0.35120640908803763,0.5771543086172344,-0.24834043346232812,-0.6620627078364578,0.0,0.7071067811865476
0.29058116232464926,-0.9565396479499745,0.2916023009164007,0.5811623246492985,-0.20619396438758714,-0.6763756715392197,0.0,0.7071067811865475
0.2925851703406813,-0.972991069828747,0.23084275607761834,0.5851703406813626,-0.16323047821027603,-0.6880085835098605,0.0,0.7071067811865475
0.2945891783567134,-0.9855871395537396,0.16916852646481753,0.5891783567134268,-0.1196202122266084,-0.6969153498287014,0.0,0.7071067811865475
0.29659318637274545,-0.9942779468163695,0.10682398829207006,0.5931863727454909,-0.0755359665147151,-0.7030606785780924,0.0,0.7071067811865476
0.2985971943887775,-0.9990290554090124,0.04405617378502936,0.597194388777555,-0.031152419236527264,-0.7064202196821038,0.0,0.7071067811865475
0.3006012024048096,-0.9998216396740499,-0.018886207652537543,0.6012024048096192,0.013354565502006564,-0.7069806613905736,0.0,0.7071067811865474
0.30260521042084165,-0.9966525590981224,-0.08175375491782265,0.6052104208416833,0.05780863448985545,-0.7047397830252087,0.0,0.7071067811865476
0.3046092184368737,-0.9895343707560106,-0.14429736342880942,0.6092184368737474,0.10203364418785087,-0.6997064637787384,0.0,0.7071067811865476
0.3066132264529058,-0.9784952795548372,-0.20626921216919736,0.6132264529058116,0.14585435867484617,-0.6919006475322518,0.0,0.7071067811865475
0.30861723446893785,-0.9635790264757451,-0.26742374564734456,0.6172344689378757,0.1890971439975438,-0.6813532638301312,0.0,0.7071067811865475
0.3106212424849699,-0.9448447152558787,-0.3275186468783687,0.6212424849699398,0.23159065617273678,-0.6681061053257044,0.0,0.7071067811865476
0.312625250501002,-0.9223665781974152,-0.3863157975340789,0.625250501002004,0.27316652011583653,-0.6522116621832242,0.0,0.7071067811865476
0.31462925851703405,-0.8962336820316007,-0.4435822214562701,0.6292585170340681,0.3136599968055214,-0.633732914092333,0.0,0.7071067811865476
0.3166332665330661,-0.8665495750032667,-0.49909100779482873,0.6332665330661322,0.35291063604095146,-0.6127430807191306,0.0,0.7071067811865476
0.3186372745490982,-0.8334318765742081,-0.5526222101128346,0.6372745490981964,0.3907629122050824,-0.5893253315826522,0.0,0.7071067811865476
0.32064128256513025,-0.7970118113711713,-0.6039637178960708,0.6412825651302605,0.42706684051495064,-0.5635724565063287,0.0,0.7071067811865475
0.3226452905811623,-0.757433689225127,-0.6529120970136898,0.6452905811623246,0.46167857131710904,-0.5355864979502313,0.0,0.7071067811865476
0.3246492985971944,-0.7148543333620935,-0.6992733957998382,0.6492985971943888,0.4944609600734102,-0.5054783466809251,0.0,0.7071067811865475
0.32665330661322645,-0.6694424590112475,-0.7428639135622179,0.6533066132264529,0.5252841107786216,-0.4733673023810505,0.0,0.7071067811865475
0.3286573146292585,-0.621378004892496,-0.7835109284724888,0.657314629258517,0.5540258906566647,-0.4393806009396516,0.0,0.7071067811865475
0.3306613226452906,-0.5708514202324073,-0.8210533819543304,0.6613226452905812,0.5805724140960555,-0.40365291029630673,0.0,0.7071067811865475
0.33266533066132264,-0.5180629101336108,-0.8553425168573664,0.6653306613226453,0.6048184939070126,-0.3663257968367132,0.0,0.7071067811865476
0.33466933867735466,-0.46322164228778945,-0.8862424668882681,0.6693386773547093,0.6266680581121887,-0.3275471644540652,0.0,0.7071067811865476
0.3366733466933867,-0.4065449181755648,-0.9136307949634924,0.6733466933867734,0.6460345306195417,-0.287470668498872,0.0,0.7071067811865476
0.3386773547094188,-0.34825731203728805,-0.9373989783505009,0.6773547094188376,0.6628411742689809,-0.24625510693936586,0.0,0.7071067811865476
0.34068136272545085,-0.28858978102645255,-0.9574528386751509,0.6813627254509017,0.6770213948935087,-0.20406379114494544,0.0,0.7071067811865475
0.3426853707414829,-0.22777875007164183,-0.9737129150914045,0.6853707414829658,0.6885190051900529,-0.16106389878585375,0.0,0.7071067811865476
0.344689378757515,-0.16606517507310367,-0.986114779134731,0.68937875751503,0.697288447354443,-0.11742581141312283,0.0,0.7071067811865476
0.34669338677354705,-0.10369358814594774,-0.9946092900116198,0.6933867735470941,0.7032949735983539,-0.07332243934356465,0.0,0.7071067811865476
0.3486973947895791,-0.040911128693042934,-0.9991627893136641,0.6973947895791582,0.7065147838329575,-0.028928536524846192,0.0,0.7071067811865475
0.3507014028056112,0.02203343585312654,-0.9997572343846813,0.7014028056112224,0.7069351199737167,0.015579991904584577,-0.0,0.7071067811865474
0.35270541082164325,0.08489069573946345,-0.9963902698124213,0.7054108216432865,0.7045543164926569,0.060026786617018574,-0.0,0.7071067811865476
0.3547094188376753,0.1474115871463727,-0.9890752367615859,0.7094188376753506,0.6993818070178074,0.10423573289667185,-0.0,0.7071067811865476
0.3567134268537074,0.2093483790711594,-0.9778411201111755,0.7134268537074148,0.6914380869536615,0.14803165847162872,-0.0,0.7071067811865475
0.35871743486973945,0.2704556549303128,-0.9627324336056285,0.7174348697394789,0.6807546322707675,0.19124102761147307,-0.0,0.7071067811865475
0.3607214428857715,0.3304912849911932,-0.9438090434748282,0.721442885771543,0.66737377478624,0.23369262874032853,-0.0,0.7071067811865475
0.3627254509018036,0.38921738578001097,-0.9211459312218525,0.7254509018036072,0.651348534429369,0.2752182528407463,-0.0,0.7071067811865476
0.36472945891783565,0.4464012626645337,-0.8948328965184,0.7294589178356713,0.6327424091569609,0.315653359960329,-0.0,0.7071067811865476
0.3667334669338677,0.5018163318766833,-0.8649742013851224,0.7334669338677354,0.6116291233508384,0.3548377311801618,-0.0,0.7071067811865476
0.3687374749498998,0.5552430183216167,-0.8316881570667582,0.7374749498997996,0.5880923356944472,0.3926161034617016,-0.0,0.7071067811865476
0.37074148296593185,0.6064696256158401,-0.7951066552390206,0.7414829659318637,0.5622253076860658,0.4288387848566272,-0.0,0.7071067811865476
0.3727454909819639,0.6552931749069396,-0.7553746454047707,0.7454909819639278,0.5341305341020971,0.4633622476419594,-0.0,0.7071067811865476
0.374749498997996,0.7015202091512163,-0.7126495605502285,0.749498997995992,0.5039193368746796,0.4960496970302301,-0.0,0.7071067811865476
0.37675350701402804,0.7449675596623772,-0.6671006933369824,0.7535070140280561,0.4717114239928277,0.5267716132012608,-0.0,0.7071067811865476
0.3787575150300601,0.7854630718939254,-0.6189085253015653,0.7575150300601202,0.4376344151749027,0.5554062645078114,-0.0,0.7071067811865475
0.3807615230460922,0.8228462875794491,-0.568264011720537,0.7615230460921844,0.4018233361918634,0.5818401898216045,-0.0,0.7071067811865476
0.38276553106212424,0.856969080527889,-0.5153678249747304,0.7655310621242485,0.36442008384499364,0.6059686481084708,-0.0,0.7071067811865476
0.38476953907815625,0.8876962435545483,-0.46042955941071356,0.7695390781563125,0.32557286371804994,0.6276960334512462,-0.0,0.7071067811865476
0.3867735470941883,0.9149060242221974,-0.403666900850109,0.7735470941883766,0.2854356029316698,0.6469362538759396,-0.0,0.7071067811865476
0.3887775551102204,0.9384906072694698,-0.34530476403748306,0.7775551102204408,0.24416734022692496,0.663613072480123,-0.0,0.7071067811865476
0.39078156312625245,0.9583565418149884,-0.28557440144455615,0.7815631262525049,0.20193159579473505,0.6776604095118673,-0.0,0.7071067811865475
0.3927855711422845,0.9744251116444819,-0.22471248696198298,0.785571142284569,0.1588957233481118,0.6890226042022717,-0.0,0.7071067811865475
0.3947895791583166,0.9866326471136735,-0.16296017810945504,0.7895791583166332,0.11523024700456325,0.6976546353141125,-0.0,0.7071067811865476
0.39679358717434865,0.9949307774310697,-0.10056216048000738,0.7935871743486973,0.07110818560618305,0.7035222995327131,-0.0,0.7071067811865476
0.3987975951903807,0.9992866223210105,-0.03776567820477057,0.7975951903807614,0.02670436715470227,0.7066023469921869,-0.0,0.7071067811865475
0.4008016032064128,0.9996829223075363,0.02518044572013867,0.8016032064128256,-0.01780526392200983,0.7068825734000433,0.0,0.7071067811865475
0.40280561122244485,0.9961181071028465,0.08802679536278513,0.8056112224448897,-0.062244343927145895,0.7043618683951305,0.0,0.7071067811865476
0.4048096192384769,0.9886063018293647,0.15052435013401308,0.8096192384769538,-0.10643678871345887,0.6990502199472985,0.0,0.7071067811865476
0.406813627254509,0.9771772710507517,0.2124254714995495,0.813627254509018,-0.15020749139408113,0.6909686747813515,0.0,0.7071067811865476
0.40881763527054105,0.961876300833647,0.2734848842158918,0.8176352705410821,-0.19338301618107487,0.6801492549821033,0.0,0.7071067811865475
0.4108216432865731,0.942764019307445,0.33346064820196003,0.8216432865731462,-0.23579228560246762,0.6666348311109795,0.0,0.7071067811865476
0.4128256513026052,0.919916156433119,0.39211511719559744,0.8256513026052104,-0.2772672583747648,0.6504789523369233,0.0,0.7071067811865476
0.41482965931863724,0.893423243932978,0.449215880396357,0.8296593186372745,-0.3176435952449491,0.6317456342546918,0.0,0.7071067811865476
0.4168336673346693,0.8633902565703411,0.5045366833634601,0.8336673346693386,-0.3567613101636726,0.6105091052312813,0.0,0.7071067811865476
0.4188376753507014,0.8299361962005216,0.5578583245199531,0.8376753507014028,-0.3944654042094245,0.5868535122855577,0.0,0.7071067811865476
0.42084168336673344,0.7931936202412583,0.6089695237108067,0.8416833667334669,-0.43060647975185345,0.5608725876665008,0.0,0.7071067811865475
0.4228456913827655,0.7533081164309717,0.657667759373395,0.845691382765531,-0.4650413324206901,0.5326692774512054,0.0,0.7071067811865476
0.4248496993987976,0.710437725956049,0.7037600710031778,0.8496993987975952,-0.4976335185346732,0.5023553336342723,0.0,0.7071067811865476
0.42685370741482964,0.6647523172329393,0.7470638237349189,0.8537074148296593,-0.5282538957421128,0.47005087132488244,0.0,0.7071067811865475
0.4288577154308617,0.6164329128263695,0.7874074320098825,0.8577154308617234,-0.5567811347308733,0.43588389280610174,0.0,0.7071067811865475
0.4308617234468938,0.5656709721706792,0.8246310394615757,0.8617234468937875,-0.5831021999801916,0.39998978034227406,0.0,0.7071067811865475
0.43286573146292584,0.5126676329364065,0.8585871523260652,0.8657314629258517,-0.607112797649408,0.36251075974418884,0.0,0.7071067811865476
0.4348697394789579,0.457632914048092,0.8891412238670815,0.8697394789579158,-0.6287177888289195,0.32359533681756625,0.0,0.7071067811865476
0.4368737474949899,0.40078488351126834,0.9161721875001767,0.8737474949899798,-0.647831566515888,0.28339770892787836,0.0,0.7071067811865476
0.438877755511022,0.34234879434599347,0.9395729365035185,0.877755511022044,-0.6643783948209954,0.24207715401309074,0.0,0.7071067811865475
0.44088176352705405,0.2825561920506875,0.9592507484145192,0.8817635270541081,-0.6782927090621773,0.19979739946528957,0.0,0.7071067811865475
0.4428857715430861,0.2216439971328324,0.9751276524306863,0.8857715430861722,-0.689519375556257,0.1567259733819175,0.0,0.7071067811865475
0.4448897795591182,0.15985356634188874,0.9871407383589127,0.8897795591182364,-0.6980139100790826,0.11303354075720316,0.0,0.7071067811865476
0.44689378757515025,0.09742973632417311,0.9952424058890387,0.8937875751503005,-0.7037426541285536,0.0688932272440401,0.0,0.7071067811865476
0.4488977955911823,0.034619853489091225,0.9994005532039665,0.8977955911823646,-0.7066829082921117,0.02447993316582116,0.0,0.7071067811865475
0.4509018036072144,-0.028327206069244562,0.9995987041789874,0.9018036072144288,-0.7068230221902477,-0.020030359503631554,0.0,0.7071067811865475
0.45290581162324645,-0.09116202271156822,0.9958360736663114,0.9058116232464929,-0.7041624406396352,-0.06446128444603194,0.0,0.7071067811865476
0.4549098196392785,-0.15363562154675844,0.9881275706061142,0.909819639278557,-0.6987117058529724,-0.10863678982752295,0.0,0.7071067811865476
0.4569138276553106,-0.21550045896286202,0.9765037389517749,0.9138276553106212,-0.6904924156668182,-0.15238183588145301,0.0,0.7071067811865475
0.45891783567134264,-0.27651140348686615,0.9610106366433848,0.9178356713426853,-0.6795371379629387,-0.1955230884809726,0.0,0.7071067811865475
0.4609218436873747,-0.33642670708667827,0.9417096531090751,0.9218436873747494,-0.6658892816222582,-0.23788960595325054,0.0,0.7071067811865476
0.4629258517034068,-0.39500896306665567,0.9186772660172915,0.9258517034068136,-0.6496029245227447,-0.2793135164138988,0.0,0.7071067811865476
0.46492985971943884,-0.452026046761147,0.8920047382438554,0.9298597194388777,-0.6307425992627615,-0.3196306829377545,0.0,0.7071067811865476
0.4669338677354709,-0.5072520352986686,0.8617977562545392,0.9338677354709418,-0.6093830374589361,-0.35868135393036654,0.0,0.7071067811865476
0.468937875751503,-0.5604681027922688,0.8281760113360171,0.937875751503006,-0.5856088736317248,-0.3963107961231722,0.0,0.7071067811865476
0.47094188376753504,-0.6114633874089954,0.7912727253345189,0.9418837675350701,-0.5595143098519987,-0.43236990768419764,0.0,0.7071067811865475
0.4729458917835671,-0.6600358268828375,0.7512341227813665,0.9458917835671342,-0.5312027424774316,-0.46671580901492454,0.0,0.7071067811865475
0.4749498997995992,-0.7059929591604971,0.7082188514970531,0.9498997995991983,-0.5007863524577147,-0.49921240889234475,0.0,0.7071067811865475
0.47695390781563124,-0.7491526850075592,0.6623973539696283,0.9539078156312625,-0.46838566083195,-0.5297309437129546,0.0,0.7071067811865476
0.4789579158316633,-0.7893439895533219,0.6139511919982283,0.9579158316633266,-0.4341290511795112,-0.5581504877019972,0.0,0.7071067811865475
0.48096192384769537,-0.8264076199152576,0.5630723272777657,0.9619238476953907,-0.3981522609165991,-0.5843584320663135,0.0,0.7071067811865476
0.48296593186372744,-0.8601967162181078,0.5099623607753656,0.9659318637274549,-0.3605978434541616,-0.6082509311922243,0.0,0.7071067811865476
0.4849699398797595,-0.8905773935072774,0.454831733912426,0.969939879759519,-0.3216146033483118,-0.6297333141204362,0.0,0.7071067811865476
0.48697394789579157,-0.9174292722507734,0.39789889471751005,0.9739478957915831,-0.28135700668138347,-0.6487204596675612,0.0,0.7071067811865476
0.4889779559118236,-0.9406459553276373,0.3393894322540946,0.9779559118236472,-0.23998456900992268,-0.6651371337078705,0.0,0.7071067811865476
0.49098196392785565,-0.9601354496128766,0.27953518275286887,0.9819639278557113,-0.19766122330477442,-0.6789182872788596,0.0,0.7071067811865475
0.4929859719438877,-0.9758205304884048,0.21857331099045094,0.9859719438877754,-0.15455467038774398,-0.690009314329405,0.0,0.7071067811865476
0.4949899799599198,-0.9876390478356747,0.15674537055441803,0.9899799599198396,-0.11083571443862719,-0.6983662680892306,0.0,0.7071067811865476
0.49699398797595185,-0.9955441722975398,0.09429634671823808,0.9939879759519037,-0.066677586205584,-0.7039560352023391,0.0,0.7071067811865476
0.4989979959919839,-0.9995045808335687,0.03147368571858682,0.9979959919839678,-0.022255256600546936,-0.7067564669344342,0.0,0.7071067811865474
0.501002004008016,-0.9995045808335689,-0.0314736857185856,1.002004008016032,0.022255256600546072,-0.7067564669344342,0.0,0.7071067811865475
0.503006012024048,-0.99554417229754,-0.09429634671823686,1.006012024048096,0.06667758620558313,-0.7039560352023392,0.0,0.7071067811865476
0.5050100200400801,-0.9876390478356746,-0.1567453705544186,1.0100200400801602,0.11083571443862758,-0.6983662680892305,0.0,0.7071067811865476
0.5070140280561122,-0.9758205304884048,-0.2185733109904515,1.0140280561122244,0.1545546703877444,-0.690009314329405,0.0,0.7071067811865475
0.5090180360721442,-0.9601354496128763,-0.27953518275286937,1.0180360721442885,0.19766122330477476,-0.6789182872788595,0.0,0.7071067811865475
0.5110220440881763,-0.9406459553276371,-0.3393894322540951,1.0220440881763526,0.23998456900992304,-0.6651371337078704,0.0,0.7071067811865475
0.5130260521042084,-0.9174292722507732,-0.39789889471751055,1.0260521042084167,0.2813570066813839,-0.648720459667561,0.0,0.7071067811865476
0.5150300601202404,-0.8905773935072778,-0.4548317339124249,1.0300601202404809,0.32161460334831105,-0.6297333141204366,0.0,0.7071067811865476
0.5170340681362725,-0.8601967162181083,-0.5099623607753645,1.034068136272545,0.36059784345416085,-0.6082509311922246,0.0,0.7071067811865476
0.5190380761523046,-0.8264076199152582,-0.5630723272777646,1.0380761523046091,0.39815226091659833,-0.584358432066314,0.0,0.7071067811865476
0.5210420841683366,-0.7893439895533225,-0.6139511919982273,1.0420841683366733,0.43412905117951056,-0.5581504877019977,0.0,0.7071067811865476
0.5230460921843687,-0.7491526850075599,-0.6623973539696273,1.0460921843687374,0.46838566083194927,-0.5297309437129553,0.0,0.7071067811865476
0.5250501002004008,-0.7059929591604979,-0.7082188514970522,1.0501002004008015,0.5007863524577141,-0.49921240889234536,0.0,0.7071067811865475
0.5270541082164328,-0.6600358268828385,-0.7512341227813656,1.0541082164328657,0.531202742477431,-0.4667158090149252,0.0,0.7071067811865475
0.5290581162324649,-0.6114633874089964,-0.7912727253345181,1.0581162324649298,0.5595143098519981,-0.43236990768419836,0.0,0.7071067811865476
0.531062124248497,-0.5604681027922698,-0.8281760113360165,1.062124248496994,0.5856088736317243,-0.3963107961231729,0.0,0.7071067811865476
0.533066132264529,-0.5072520352986681,-0.8617977562545395,1.066132264529058,0.6093830374589363,-0.3586813539303662,0.0,0.7071067811865476
0.5350701402805611,-0.45202604676114655,-0.8920047382438557,1.0701402805611222,0.6307425992627618,-0.3196306829377542,0.0,0.7071067811865476
0.5370741482965932,-0.3950089630666551,-0.9186772660172917,1.0741482965931863,0.6496029245227448,-0.27931351641389834,0.0,0.7071067811865476
0.5390781563126252,-0.33642670708667777,-0.9417096531090752,1.0781563126252505,0.6658892816222584,-0.23788960595325018,0.0,0.7071067811865476
0.5410821643286573,-0.2765114034868656,-0.9610106366433849,1.0821643286573146,0.6795371379629387,-0.19552308848097222,0.0,0.7071067811865475
0.5430861723446894,-0.21550045896286146,-0.9765037389517749,1.0861723446893787,0.6904924156668182,-0.15238183588145265,0.0,0.7071067811865475
0.5450901803607214,-0.1536356215467579,-0.9881275706061142,1.0901803607214429,0.6987117058529725,-0.10863678982752258,0.0,0.7071067811865476
0.5470941883767535,-0.09116202271156768,-0.9958360736663115,1.094188376753507,0.7041624406396353,-0.06446128444603157,0.0,0.7071067811865476
0.5490981963927856,-0.02832720606924401,-0.9995987041789874,1.0981963927855711,0.7068230221902477,-0.020030359503631162,0.0,0.7071067811865475
0.5511022044088176,0.034619853489090004,-0.9994005532039665,1.1022044088176353,0.7066829082921117,0.024479933165820297,-0.0,0.7071067811865475
0.5531062124248497,0.09742973632417187,-0.9952424058890388,1.1062124248496994,0.7037426541285537,0.06889322724403922,-0.0,0.7071067811865476
0.5551102204408818,0.15985356634188752,-0.9871407383589128,1.1102204408817635,0.6980139100790828,0.11303354075720232,-0.0,0.7071067811865476
0.5571142284569138,0.2216439971328312,-0.9751276524306866,1.1142284569138277,0.6895193755562572,0.15672597338191663,-0.0,0.7071067811865475
0.5591182364729459,0.28255619205068633,-0.9592507484145196,1.1182364729458918,0.6782927090621776,0.19979739946528877,-0.0,0.7071067811865475
0.561122244488978,0.34234879434599236,-0.9395729365035188,1.122244488977956,0.6643783948209956,0.24207715401308993,-0.0,0.7071067811865476
0.56312625250501,0.40078488351126723,-0.9161721875001771,1.12625250501002,0.6478315665158884,0.2833977089278776,-0.0,0.7071067811865476
0.565130260521042,0.45763291404809087,-0.8891412238670819,1.130260521042084,0.6287177888289198,0.3235953368175655,-0.0,0.7071067811865476
0.567134268537074,0.5126676329364054,-0.8585871523260658,1.134268537074148,0.6071127976494084,0.3625107597441881,-0.0,0.7071067811865476
0.5691382765531061,0.5656709721706811,-0.8246310394615743,1.1382765531062122,0.5831021999801906,0.3999897803422754,-0.0,0.7071067811865476
0.5711422845691382,0.6164329128263699,-0.7874074320098822,1.1422845691382764,0.5567811347308731,0.43588389280610207,-0.0,0.7071067811865475
0.5731462925851702,0.6647523172329397,-0.7470638237349184,1.1462925851703405,0.5282538957421125,0.4700508713248827,-0.0,0.7071067811865475
0.5751503006012023,0.7104377259560495,-0.7037600710031774,1.1503006012024046,0.49763351853467286,0.5023553336342726,-0.0,0.7071067811865476
0.5771543086172344,0.7533081164309722,-0.6576677593733945,1.1543086172344688,0.4650413324206898,0.5326692774512057,-0.0,0.7071067811865475
0.5791583166332664,0.7931936202412586,-0.6089695237108063,1.158316633266533,0.4306064797518531,0.560872587666501,-0.0,0.7071067811865475
0.5811623246492985,0.829936196200522,-0.5578583245199527,1.162324649298597,0.39446540420942416,0.586853512285558,-0.0,0.7071067811865475
0.5831663326653306,0.8633902565703414,-0.5045366833634596,1.1663326653306612,0.35676131016367224,0.6105091052312815,-0.0,0.7071067811865476
0.5851703406813626,0.8934232439329783,-0.4492158803963565,1.1703406813627253,0.3176435952449488,0.631745634254692,-0.0,0.7071067811865476
0.5871743486973947,0.9199161564331192,-0.39211511719559694,1.1743486973947894,0.2772672583747644,0.6504789523369235,-0.0,0.7071067811865476
0.5891783567134268,0.9427640193074447,-0.3334606482019612,1.1783567134268536,0.23579228560246848,0.6666348311109793,-0.0,0.7071067811865476
0.5911823647294588,0.9618763008336466,-0.27348488421589295,1.1823647294589177,0.1933830161810757,0.6801492549821031,-0.0,0.7071067811865475
0.5931863727454909,0.9771772710507515,-0.21242547149955068,1.1863727454909818,0.15020749139408196,0.6909686747813514,-0.0,0.7071067811865475
0.595190380761523,0.9886063018293645,-0.1505243501340143,1.190380761523046,0.10643678871345971,0.6990502199472983,-0.0,0.7071067811865476
0.597194388777555,0.9961181071028464,-0.08802679536278633,1.19438877755511,0.062244343927146756,0.7043618683951304,-0.0,0.7071067811865476
0.5991983967935871,0.9996829223075362,-0.025180445720139895,1.1983967935871742,0.017805263922010695,0.7068825734000433,-0.0,0.7071067811865475
0.6012024048096192,0.9992866223210106,0.037765678204769344,1.2024048096192383,-0.0267043671547014,0.7066023469921869,0.0,0.7071067811865475
0.6032064128256512,0.99493077743107,0.10056216048000617,1.2064128256513025,-0.0711081856061822,0.7035222995327132,0.0,0.7071067811865477
0.6052104208416833,0.9866326471136732,0.16296017810945734,1.2104208416833666,-0.11523024700456486,0.6976546353141122,0.0,0.7071067811865476
0.6072144288577154,0.9744251116444818,0.2247124869619835,1.2144288577154307,-0.15889572334811217,0.6890226042022717,0.0,0.7071067811865475
0.6092184368737474,0.9583565418149883,0.28557440144455665,1.2184368737474949,-0.20193159579473538,0.6776604095118673,0.0,0.7071067811865475
0.6112224448897795,0.9384906072694696,0.34530476403748356,1.222444889779559,-0.2441673402269253,0.6636130724801229,0.0,0.7071067811865476
0.6132264529058116,0.9149060242221972,0.4036669008501095,1.2264529058116231,-0.28543560293167014,0.6469362538759394,0.0,0.7071067811865476
0.6152304609218436,0.8876962435545481,0.46042955941071406,1.2304609218436873,-0.3255728637180503,0.6276960334512461,0.0,0.7071067811865476
0.6172344689378757,0.8569690805278887,0.5153678249747309,1.2344689378757514,-0.36442008384499397,0.6059686481084706,0.0,0.7071067811865476
0.6192384769539078,0.8228462875794488,0.5682640117205374,1.2384769539078155,-0.40182333619186367,0.5818401898216042,0.0,0.7071067811865476
0.6212424849699398,0.7854630718939251,0.6189085253015657,1.2424849699398797,-0.437634415174903,0.555406264507811,0.0,0.7071067811865476
0.6232464929859719,0.7449675596623767,0.6671006933369829,1.2464929859719438,-0.471711423992828,0.5267716132012605,0.0,0.7071067811865476
0.625250501002004,0.7015202091512172,0.7126495605502277,1.250501002004008,-0.503919336874679,0.4960496970302308,0.0,0.7071067811865475
0.627254509018036,0.6552931749069405,0.75537464540477,1.254509018036072,-0.5341305341020965,0.46336224764195993,0.0,0.7071067811865476
0.6292585170340681,0.6064696256158411,0.7951066552390199,1.2585170340681362,-0.5622253076860653,0.4288387848566279,0.0,0.7071067811865476
0.6312625250501002,0.5552430183216177,0.8316881570667576,1.2625250501002003,-0.5880923356944466,0.39261610346170234,0.0,0.7071067811865476
0.6332665330661322,0.5018163318766843,0.8649742013851218,1.2665330661322645,-0.6116291233508381,0.35483773118016254,0.0,0.7071067811865476
0.6352705410821643,0.4464012626645348,0.8948328965183996,1.2705410821643286,-0.6327424091569606,0.3156533599603297,0.0,0.7071067811865476
0.6372745490981964,0.3892173857800121,0.9211459312218522,1.2745490981963927,-0.6513485344293688,0.2752182528407471,0.0,0.7071067811865476
0.6392785571142284,0.33049128499119435,0.9438090434748277,1.2785571142284569,-0.6673737747862397,0.23369262874032934,0.0,0.7071067811865475
0.6412825651302605,0.27045565493031054,0.9627324336056292,1.282565130260521,-0.680754632270768,0.1912410276114715,0.0,0.7071067811865474
0.6432865731462926,0.20934837907115886,0.9778411201111756,1.2865731462925851,-0.6914380869536616,0.14803165847162833,0.0,0.7071067811865475
0.6452905811623246,0.14741158714637217,0.9890752367615859,1.2905811623246493,-0.6993818070178075,0.10423573289667148,0.0,0.7071067811865476
0.6472945891783567,0.0848906957394629,0.9963902698124213,1.2945891783567134,-0.7045543164926569,0.06002678661701817,0.0,0.7071067811865476
0.6492985971943888,0.022033435853125987,0.9997572343846812,1.2985971943887775,-0.7069351199737167,0.015579991904584187,0.0,0.7071067811865474
0.6513026052104208,-0.04091112869304348,0.9991627893136641,1.3026052104208417,-0.7065147838329575,-0.02892853652484658,0.0,0.7071067811865475
0.6533066132264529,-0.10369358814594828,0.9946092900116197,1.3066132264529058,-0.7032949735983538,-0.07332243934356504,0.0,0.7071067811865476
0.655310621242485,-0.16606517507310423,0.9861147791347309,1.31062124248497,-0.6972884473544428,-0.11742581141312324,0.0,0.7071067811865476
0.657314629258517,-0.2277787500716424,0.9737129150914045,1.314629258517034,-0.6885190051900529,-0.16106389878585411,0.0,0.7071067811865475
0.6593186372745491,-0.2885897810264531,0.9574528386751506,1.3186372745490982,-0.6770213948935084,-0.20406379114494583,0.0,0.7071067811865475
0.6613226452905812,-0.3482573120372869,0.9373989783505013,1.3226452905811623,-0.6628411742689811,-0.24625510693936503,0.0,0.7071067811865476
0.6633266533066132,-0.4065449181755637,0.9136307949634929,1.3266533066132264,-0.6460345306195421,-0.2874706684988712,0.0,0.7071067811865476
0.6653306613226453,-0.4632216422877884,0.8862424668882687,1.3306613226452906,-0.6266680581121892,-0.3275471644540644,0.0,0.7071067811865476
0.6673346693386772,-0.5180629101336098,0.8553425168573671,1.3346693386773545,-0.6048184939070131,-0.3663257968367125,0.0,0.7071067811865476
0.6693386773547093,-0.5708514202324063,0.8210533819543311,1.3386773547094186,-0.580572414096056,-0.403652910296306,0.0,0.7071067811865476
0.6713426853707414,-0.6213780048924951,0.7835109284724895,1.3426853707414828,-0.5540258906566653,-0.439380600939651,0.0,0.7071067811865475
0.6733466933867734,-0.6694424590112467,0.7428639135622187,1.3466933867735469,-0.525284110778622,-0.4733673023810499,0.0,0.7071067811865476
0.6753507014028055,-0.7148543333620926,0.699273395799839,1.350701402805611,-0.4944609600734108,-0.5054783466809245,0.0,0.7071067811865475
0.6773547094188376,-0.7574336892251262,0.6529120970136908,1.3547094188376752,-0.46167857131710976,-0.5355864979502307,0.0,0.7071067811865475
0.6793587174348696,-0.7970118113711726,0.603963717896069,1.3587174348697393,-0.42706684051494936,-0.5635724565063297,0.0,0.7071067811865476
0.6813627254509017,-0.8334318765742085,0.5526222101128341,1.3627254509018034,-0.390762912205082,-0.5893253315826525,0.0,0.7071067811865476
0.6833667334669338,-0.8665495750032669,0.49909100779482823,1.3667334669338675,-0.35291063604095113,-0.6127430807191309,0.0,0.7071067811865476
0.6853707414829658,-0.8962336820316009,0.4435822214562696,1.3707414829659317,-0.3136599968055211,-0.6337329140923331,0.0,0.7071067811865476
0.6873747494989979,-0.9223665781974153,0.38631579753407835,1.3747494989979958,-0.27316652011583614,-0.6522116621832245,0.0,0.7071067811865476
0.68937875751503,-0.9448447152558789,0.3275186468783682,1.37875751503006,-0.23159065617273641,-0.6681061053257045,0.0,0.7071067811865475
0.691382765531062,-0.9635790264757452,0.267423745647344,1.382765531062124,-0.1890971439975434,-0.6813532638301313,0.0,0.7071067811865475
0.6933867735470941,-0.9784952795548373,0.20626921216919683,1.3867735470941882,-0.14585435867484578,-0.6919006475322519,0.0,0.7071067811865475
0.6953907815631262,-0.9895343707560107,0.14429736342880886,1.3907815631262523,-0.10203364418785048,-0.6997064637787385,0.0,0.7071067811865476
0.6973947895791582,-0.9966525590981224,0.0817537549178221,1.3947895791583165,-0.057808634489855064,-0.7047397830252088,0.0,0.7071067811865476
0.6993987975951903,-0.9998216396740498,0.018886207652538768,1.3987975951903806,-0.01335456550200743,-0.7069806613905735,0.0,0.7071067811865475
0.7014028056112224,-0.9990290554090124,-0.04405617378502813,1.4028056112224447,0.031152419236526396,-0.7064202196821038,0.0,0.7071067811865475
0.7034068136272544,-0.9942779468163696,-0.10682398829206885,1.4068136272545089,0.07553596651471424,-0.7030606785780924,0.0,0.7071067811865477
0.7054108216432865,-0.9855871395537397,-0.16916852646481634,1.410821643286573,0.11962021222660756,-0.6969153498287015,0.0,0.7071067811865476
0.7074148296593186,-0.9729910698287472,-0.23084275607761714,1.4148296593186371,0.16323047821027517,-0.6880085835098606,0.0,0.7071067811865475
0.7094188376753506,-0.9565396479499748,-0.29160230091639955,1.4188376753507013,0.2061939643875863,-0.67637567153922,0.0,0.7071067811865475
0.7114228456913827,-0.9362980605637752,-0.35120640908803646,1.4228456913827654,0.24834043346232731,-0.6620627078364582,0.0,0.7071067811865476
0.7134268537074148,-0.9123465123605562,-0.4094189069688029,1.4268537074148295,0.2895028854636248,-0.6451264056820456,0.0,0.7071067811865476
0.7154308617234468,-0.8847799082739947,-0.466009135012031,1.4308617234468937,0.32951821946188453,-0.6256338729981531,0.0,0.7071067811865476
0.7174348697394789,-0.8537074774324311,-0.520752861706928,1.4348697394789578,0.3682278798352692,-0.6036623464421336,0.0,0.7071067811865476
0.719438877755511,-0.8192523403524677,-0.5734331720671593,1.438877755511022,0.4054784845260006,-0.5792988853661794,0.0,0.7071067811865476
0.721442885771543,-0.78155102108974,-0.6238413271286095,1.442885771543086,0.44112243279705504,-0.5526400268558255,0.0,0.7071067811865476
0.7234468937875751,-0.7407529062798779,-0.6717775910507247,1.4468937875751502,0.47501849008113073,-0.5237914032141447,0.0,0.7071067811865475
0.7254509018036072,-0.6970196532131483,-0.7170520225441266,1.4509018036072143,0.507032347604481,-0.4928673234073129,0.0,0.7071067811865476
0.7274549098196392,-0.6505245492882036,-0.7594852274885797,1.4549098196392785,0.5370371545681825,-0.4599903201300112,0.0,0.7071067811865476
0.7294589178356713,-0.6014518253830198,-0.7989090697591519,1.4589178356713426,0.5649140207781328,-0.4252906642853605,0.0,0.7071067811865476
0.7314629258517034,-0.5499959258637029,-0.8351673374440167,1.4629258517034067,0.5905524877321778,-0.38890584880319806,0.0,0.7071067811865476
0.7334669338677354,-0.49636073812366077,-0.8681163618140914,1.4669338677354709,0.6138509662977384,-0.3509800438420006,0.0,0.7071067811865476
0.7354709418837675,-0.4407587847059917,-0.8976255865919248,1.470941883767535,0.6347171392457026,-0.3116635255331483,0.0,0.7071067811865476
0.7374749498997996,-0.38341038121020143,-0.9235780852641795,1.4749498997995991,0.6530683270455887,-0.2711120805310526,0.0,0.7071067811865476
0.7394789579158316,-0.3245427633199353,-0.9458710243879239,1.4789579158316633,0.6688318154725673,-0.22948638872854696,0.0,0.7071067811865475
0.7414829659318637,-0.2643891864107654,-0.9644160710549435,1.4829659318637274,0.6819451437282378,-0.1869513865834464,0.0,0.7071067811865475
0.7434869739478958,-0.20318800130572143,-0.9791397428995446,1.4869739478957915,0.6923563519335206,-0.14367561357901668,0.0,0.7071067811865475
0.7454909819639278,-0.141181709840766,-0.9899836992629917,1.4909819639278556,0.7000241870130052,-0.09983054440791718,0.0,0.7071067811865476
0.7474949899799599,-0.07861600398241363,-0.996904972360875,1.4949899799599198,0.7049182661549624,-0.0555899095257533,0.0,0.7071067811865476
0.749498997995992,-0.015738792304867556,-0.9998761375374374,1.498997995991984,0.707019197199335,-0.0111290067664585,0.0,0.7071067811865475
0.751503006012024,0.04720078231587037,-0.9988854219322505,1.503006012024048,0.70631865547668,0.03337599325286201,-0.0,0.7071067811865474
0.7535070140280561,0.1099533298986345,-0.993936751128663,1.5070140280561122,0.7028194167936035,0.07774874518536602,-0.0,0.7071067811865476
0.7555110220440882,0.17227020153288805,-0.9850497335991814,1.5110220440881763,0.6965353464339832,0.12181342770027831,-0.0,0.7071067811865476
0.7575150300601202,0.23390447461808322,-0.9722595830094135,1.5150300601202404,0.6874913442195613,0.16539544015232333,-0.0,0.7071067811865475
0.7595190380761523,0.2946119312627572,-0.9556169786884433,1.5190380761523046,0.6757232458475987,0.20832209441436061,-0.0,0.7071067811865475
0.7615230460921844,0.35415202596656264,-0.9351878648184968,1.5230460921843687,0.6612776808965274,0.25042329913191075,-0.0,0.7071067811865476
0.7635270541082164,0.41228883875091943,-0.9110531891395903,1.5270541082164328,0.6442118880622347,0.29153223368830217,-0.0,0.7071067811865476
0.7655310621242485,0.46879200996163106,-0.8833085822045056,1.531062124248497,0.6245934883570808,0.33148600920994087,-0.0,0.7071067811865476
0.7675350701402806,0.5234376530394295,-0.8520639784550065,1.535070140280561,0.6025002171703234,0.37012631399255186,-0.0,0.7071067811865476
0.7695390781563125,0.5760092416417123,-0.8174431806207325,1.539078156312625,0.5780196162516197,0.4073000407909754,-0.0,0.7071067811865476
0.7715430861723446,0.6262984676003676,-0.7795833691667823,1.5430861723446891,0.5512486868380874,0.4428598934869631,-0.0,0.7071067811865476
0.7735470941883766,0.6741060663161366,-0.7386345587337385,1.5470941883767533,0.5222935052993597,0.4766649707311286,-0.0,0.7071067811865476
0.7755511022044087,0.7192426063189976,-0.6947590037239213,1.5511022044088174,0.4912688028235946,0.5085813242464495,-0.0,0.7071067811865475
0.7775551102204408,0.7615292398660365,-0.6481305553891568,1.5551102204408815,0.458297510809876,0.5384824895811113,-0.0,0.7071067811865475
0.7795591182364728,0.8007984116026596,-0.5989339729675195,1.5591182364729457,0.42351027376833333,0.5662499872076566,-0.0,0.7071067811865476
0.7815631262525049,0.8368945224791671,-0.5473641915985799,1.5631262525050098,0.3870449316580485,0.5917737919828966,-0.0,0.7071067811865476
0.783567134268537,0.8696745462920035,-0.4936255499179492,1.567134268537074,0.34904597371392054,0.6149527691084097,-0.0,0.7071067811865476
0.785571142284569,0.8990085964067211,-0.43793098039167877,1.571142284569138,0.30966396592662904,0.6356950748641926,-0.0,0.7071067811865476
0.7875751503006011,0.9247804404170878,-0.3805011655987101,1.5751503006012022,0.2690549544442334,0.6539185205276048,-0.0,0.7071067811865476
0.7895791583166332,0.9468879607010695,-0.3215636638044947,1.5791583166332663,0.22737984725934934,0.6695508980356274,-0.0,0.7071067811865475
0.7915831663326652,0.9652435590487883,-0.2613520072906055,1.5831663326653305,0.18480377663190314,0.6825302661000359,-0.0,0.7071067811865475
0.7935871743486973,0.9797745037591865,-0.20010477701304355,1.5871743486973946,0.14149544477374507,0.6928051956418052,-0.0,0.7071067811865475
0.7955911823647294,0.9904232178300464,-0.13806465725585398,1.5911823647294587,0.09762645538781083,0.700334973572227,-0.0,0.7071067811865476
0.7975951903807614,0.9971475070994673,-0.07547747402581477,1.5951903807615229,0.05337063371048513,0.7050897641132944,-0.0,0.7071067811865476
0.7995991983967935,0.9999207274348144,-0.012591220998456151,1.599198396793587,0.008903337751426797,0.7070507270181428,-0.0,0.7071067811865475
0.8016032064128256,0.9987318903066703,0.05034492312502903,1.6032064128256511,-0.035599236540023456,0.7062100922231057,0.0,0.7071067811865476
0.8036072144288576,0.9935857063294744,0.113081581956387,1.6072144288577153,-0.07996075342866359,0.702571190635597,0.0,0.7071067811865476
0.8056112224448897,0.9845025665963167,0.17537016954221432,1.6112224448897794,-0.12400543610113429,0.6961484409358161,0.0,0.7071067811865476
0.8076152304609218,0.9715184618818494,0.23696387535387256,1.6152304609218435,-0.1675587631589671,0.6869672924445801,0.0,0.7071067811865475
0.8096192384769538,0.9546848400334662,0.2976186422425103,1.6192384769539077,-0.21044816013721207,0.6750641242836583,0.0,0.7071067811865475
0.8116232464929859,0.9340684021158132,0.3570941334841715,1.6232464929859718,-0.25250368330859185,0.6604861012281744,0.0,0.7071067811865476
0.813627254509018,0.909750838116388,0.4151546850831979,1.627254509018036,-0.2935586930636949,0.6432909868222431,0.0,0.7071067811865476
0.81563126252505,0.8818285032594542,0.4715702395605458,1.6312625250501,-0.33345051419902666,0.6235469144983437,0.0,0.7071067811865476
0.8176352705410821,0.8504120362108406,0.5261172575270003,1.6352705410821642,-0.37202108049661103,0.6013321176073452,0.0,0.7071067811865476
0.8196392785571142,0.8156259206864369,0.5785796034292966,1.6392785571142283,-0.40911756104107905,0.5767346194289007,0.0,0.7071067811865476
0.8216432865731462,0.7776079922014575,0.6287494019594915,1.6432865731462925,-0.4445929657925427,0.5498518843905065,0.0,0.7071067811865476
0.8236472945891783,0.7365088919149136,0.6764278617341735,1.6472945891783566,-0.4783067280157504,0.5207904318772254,0.0,0.7071067811865476
0.8256513026052104,0.6924914697333658,0.7214260629797922,1.6513026052104207,-0.5101252612577244,0.48966541416230175,0.0,0.7071067811865475
0.8276553106212424,0.6457301390390933,0.7635657061029872,1.6553106212424848,-0.5399224886669166,0.456600160131075,0.0,0.7071067811865475
0.8296593186372745,0.5964101855994516,0.8026798181798442,1.659318637274549,-0.5675803425565528,0.4217256866060996,0.0,0.7071067811865476
0.8316633266533066,0.5447270333958256,0.8386134145646508,1.6633266533066131,-0.59298923223267,0.3851801792098193,0.0,0.7071067811865476
0.8336673346693386,0.4908854702811991,0.8712241129966536,1.6673346693386772,-0.6160484782331687,0.3471084448217834,0.0,0.7071067811865476
0.8356713426853707,0.43509883653458736,0.90038269777148,1.6713426853707414,-0.6366667112572513,0.3076613377999839,0.0,0.7071067811865476
0.8376753507014028,0.3775881795275813,0.9259736317417722,1.6753507014028055,-0.654762234204542,0.2669951622398362,0.0,0.7071067811865476
0.8396793587174348,0.3185813778525263,0.9478955141182946,1.6793587174348696,-0.6702633458893549,0.22527105263927516,0.0,0.7071067811865475
0.8416833667334669,0.2583122383828665,0.9660614822575392,1.6833667334669338,-0.6831086251474335,0.18265433542400086,0.0,0.7071067811865474
0.843687374749499,0.19701956984343588,0.9803995558437936,1.687374749498998,-0.6932471742094256,0.13931387386275013,0.0,0.7071067811865476
0.845691382765531,0.13494623656155671,0.9908529221018991,1.691382765531062,-0.7006388203767588,0.09542139896828077,0.0,0.7071067811865476
0.8476953907815631,0.0723381961483329,0.9973801609105755,1.6953907815631262,-0.7052542752007978,0.05115082903528878,0.0,0.7071067811865476
0.8496993987975952,0.009443524923204435,0.9999554089243304,1.6993987975951903,-0.7070752505345611,0.006677580511502026,0.0,0.7071067811865476
0.8517034068136272,-0.053488565056608345,0.9985684620536467,1.7034068136272544,-0.7060945309971551,-0.037822127067465565,0.0,0.7071067811865475
0.8537074148296593,-0.1162087134668753,0.9932248158973744,1.7074148296593186,-0.7023160025637937,-0.08217196932539199,0.0,0.7071067811865476
0.8557114228456913,-0.17846839977461612,0.9839456439671288,1.7114228456913827,-0.6957546371681211,-0.12619621570814277,0.0,0.7071067811865476
0.8577154308617234,-0.24002092796879504,0.9707677137899667,1.7154308617234468,-0.686436433377847,-0.16972042579342284,0.0,0.7071067811865475
0.8597194388777555,-0.3006224040615815,0.9537432412217848,1.719438877755511,-0.6743983133787611,-0.2125721404885466,0.0,0.7071067811865475
0.8617234468937875,-0.3600327024869573,0.9329396835486944,1.723446893787575,-0.6596879766753135,-0.25458156537744625,0.0,0.7071067811865476
0.8637274549098196,-0.4180164175674193,0.9084394721961947,1.7274549098196392,-0.6423637110874574,-0.2955822435092297,0.0,0.7071067811865476
0.8657314629258517,-0.47434379627876383,0.8803396861052275,1.7314629258517034,-0.622494161792643,-0.3354117149624842,0.0,0.7071067811865476
0.8677354709418837,-0.5287916486169247,0.8487516670693465,1.7354709418837675,-0.6001580593281218,-0.37391216057184157,0.0,0.7071067811865476
0.8697394789579158,-0.5811442319597033,0.813800578557159,1.7394789579158316,-0.5754439076313028,-0.41093102726615416,0.0,0.7071067811865475
0.8717434869739479,-0.6311941059192017,0.7756249097681558,1.7434869739478958,-0.548449633354267,-0.4463216325404474,0.0,0.7071067811865476
0.8737474949899798,-0.6787429542977182,0.7343759268870446,1.7474949899799597,-0.5192821978419854,-0.4799437456665075,0.0,0.7071067811865475
0.8757515030060119,-0.7236023708902112,0.6902170737109199,1.7515030060120238,-0.48805717331172654,-0.5116641433391316,0.0,0.7071067811865475
0.877755511022044,-0.7655946060196895,0.6433233240242083,1.755511022044088,-0.4548982849129882,-0.5413571375563657,0.0,0.7071067811865475
0.879759519038076,-0.8045532708474797,0.5938804882875189,1.759519038076152,-0.41993692048248266,-0.56890507364207,0.0,0.7071067811865475
0.8817635270541081,-0.8403239966676301,0.5420844773875569,1.7635270541082162,-0.38331160993670715,-0.594198796437463,0.0,0.7071067811865476
0.8837675350701402,-0.8727650465730821,0.48814052636539584,1.7675350701402803,-0.3451674763649421,-0.6171380828144194,0.0,0.7071067811865476
0.8857715430861722,-0.9017478770699618,0.4322623811989851,1.7715430861723445,-0.3056556609976468,-0.6376320387967434,0.0,0.7071067811865476
0.8877755511022043,-0.927157647414666,0.3746714518621638,1.7755511022044086,-0.26493272432874515,-0.6555994597158765,0.0,0.7071067811865476
0.8897795591182364,-0.9488936746555588,0.31559593501607497,1.7795591182364727,-0.2231600257647756,-0.6709691519739672,0.0,0.7071067811865475
0.8917835671342684,-0.9668698325762376,0.25526990980920283,1.7835671342685369,-0.18050308425896572,-0.6836802151393594,0.0,0.7071067811865475
0.8937875751503005,-0.9810148929596042,0.19393241036880943,1.787575150300601,-0.13713092246363748,-0.6936822832567312,0.0,0.7071067811865476
0.8957915831663326,-0.9912728078205278,0.13182647865890437,1.7915831663326651,-0.09321539699965498,-0.7009357244157246,0.0,0.7071067811865476
0.8977955911823646,-0.9976029314887878,0.06919820145767606,1.7955911823647293,-0.04893051749663558,-0.7054117977873006,0.0,0.7071067811865475
0.8997995991983967,-0.9999801816623203,0.006295735270234439,1.7995991983967934,-0.004451757102138093,-0.7070927675055824,0.0,0.7071067811865475
0.9018036072144288,-0.9983951387926212,-0.05663167695965602,1.8036072144288575,0.040044642808138735,-0.7059719729439468,0.0,0.7071067811865475
0.9038076152304608,-0.9928540834084957,-0.11933469344275202,1.8076152304609217,0.0843823709641878,-0.7020538551069014,0.0,0.7071067811865476
0.9058116232464929,-0.9833789712302711,-0.18156486152913442,1.8116232464929858,0.12838574481244747,-0.6953539390331754,0.0,0.7071067811865475
0.907815631262525,-0.9700073461730725,-0.24307560216992863,1.81563126252505,0.17188040663535997,-0.6858987722797464,0.0,0.7071067811865475
0.909819639278557,-0.9527921915838825,-0.3036231869551176,1.819639278557114,0.21469401442143451,-0.6737258197305555,0.0,0.7071067811865475
0.9118236472945891,-0.9318017203018332,-0.3629677038560649,1.8236472945891782,0.25665692474833407,-0.6588833151467169,0.0,0.7071067811865476
0.9138276553106212,-0.9071191043735916,-0.42087400784611645,1.8276553106212423,0.2976028649731492,-0.6414300700464342,0.0,0.7071067811865476
0.9158316633266532,-0.8788421454948057,-0.47711265263256913,1.8316633266533064,0.33736959206639133,-0.6214352406719116,0.0,0.7071067811865476
0.9178356713426853,-0.8470828874834471,-0.531460799808138,1.8356713426853706,0.37579953547916056,-0.5989780539666266,0.0,0.7071067811865476
0.9198396793587174,-0.811967172320571,-0.5837031018195262,1.8396793587174347,0.4127404214962088,-0.5741474936487416,0.0,0.7071067811865476
0.9218436873747494,-0.7736341415176289,-0.6336325552544483,1.8436873747494988,0.4480458766009801,-0.5470419476245485,0.0,0.7071067811865476
0.9238476953907815,-0.7322356847860989,-0.6810513210660655,1.847695390781563,0.4815760074618714,-0.5177688181390259,0.0,0.7071067811865475
0.9258517034068136,-0.6879358381940109,-0.7257715084848011,1.851703406813627,0.5131979552415927,-0.4864440962082367,0.0,0.7071067811865475
0.9278557114228456,-0.6409101341940947,-0.7676159195113841,1.8557114228456912,0.5427864220332468,-0.45319190201982446,0.0,0.7071067811865475
0.9298597194388777,-0.5913449060989785,-0.8064187510411637,1.8597194388777554,0.570224167337193,-0.41814399312270983,0.0,0.7071067811865476
0.9318637274549098,-0.5394365497593692,-0.8420262518376179,1.8637274549098195,0.5954024726114713,-0.38143924235472443,0.0,0.7071067811865476
0.9338677354709418,-0.4853907453707163,-0.8742973317518818,1.8677354709418836,0.6182215720550603,-0.34322308757682635,0.0,0.7071067811865476
0.9358717434869739,-0.42942164249185,-0.9031041207743443,1.8717434869739478,0.6385910479170537,-0.30364695539425246,0.0,0.7071067811865476
0.937875751503006,-0.3717510115048696,-0.928332475703132,1.875751503006012,0.6564301887653805,-0.26286766114805155,0.0,0.7071067811865476
0.939879759519038,-0.3126073648784678,-0.9498824324218975,1.879759519038076,0.6716683092954961,-0.22104678755442192,0.0,0.7071067811865475
0.9418837675350701,-0.2522250517166334,-0.9676686019947852,1.8837675350701402,0.6842450304118189,-0.17835004445395913,0.0,0.7071067811865474
0.9438877755511021,-0.19084332918042096,-0.981620509009125,1.8877755511022043,0.6941105184721428,-0.13494661220769216,0.0,0.7071067811865475
0.9458917835671342,-0.12870541446217781,-0.9916828708252042,1.8917835671342684,0.701225682747045,-0.09100847134163109,0.0,0.7071067811865476
0.9478957915831663,-0.06605752106865537,-0.9978158166266278,1.8957915831663326,0.7055623303118811,-0.04670972109601945,0.0,0.7071067811865476
0.9498997995991983,-0.0031478832316096843,-0.999995045403306,1.8997995991983967,0.7071032777576272,-0.0022258895794546314,0.0,0.7071067811865476
0.9519038076152304,0.05977422768846127,-0.998211922241088,1.9038076152304608,0.705842419277932,0.042266761738699664,-0.0,0.7071067811865476
0.9539078156312625,0.12245949090807,-0.992473512536499,1.907815631262525,0.7017847508625904,0.08659193644174866,-0.0,0.7071067811865476
0.9559118236472945,0.18465952412232392,-0.9828025540010146,1.911823647294589,0.6949463505015755,0.13057400171757608,-0.0,0.7071067811865475
0.9579158316633266,0.24612786768790898,-0.9692373665657982,1.9158316633266532,0.6853543144780674,0.17403868428110578,-0.0,0.7071067811865475
0.9599198396793587,0.30662096118777366,-0.9518317005438967,1.9198396793587174,0.6730466500029125,0.21681376090981194,-0.0,0.7071067811865475
0.9619238476953907,0.36589910850800145,-0.9306545236515266,1.9238476953907815,0.6580721246159306,0.25872974085612016,-0.0,0.7071067811865476
0.9639278557114228,0.4237274276028779,-0.9057897477323574,1.9278557114228456,0.6404900729508022,0.2996205374327269,-0.0,0.7071067811865476
0.9659318637274549,0.4798767811848317,-0.8773358962676069,1.9318637274549098,0.6203701616292022,0.33932412610976753,-0.0,0.7071067811865476
0.9679358717434869,0.534124684651508,-0.8454057139894,1.9358717434869739,0.5977921132157595,0.3776831865162075,-0.0,0.7071067811865476
0.969939879759519,0.5862561876524323,-0.8101257201442479,1.939879759519038,0.5728453903276328,0.4145457258016079,-0.0,0.7071067811865476
0.9719438877755511,0.6360647258021708,-0.7716357071767801,1.9438877755511021,0.5456288411503782,0.4497656808882769,-0.0,0.7071067811865476
0.9739478957915831,0.6833529391651678,-0.7300881868201448,1.9478957915831663,0.5162503077647154,0.48320349722744843,-0.0,0.7071067811865475
0.9759519038076151,0.7279334542691605,-0.6856477857878404,1.9519038076152302,0.4848261988361232,0.5147266817662709,-0.0,0.7071067811865476
0.9779559118236472,0.7696296265484869,-0.6384905934615144,1.9559118236472943,0.4514810283604599,0.5442103279345052,-0.0,0.7071067811865475
0.9799599198396792,0.808276240275494,-0.5888034641594018,1.9599198396793585,0.41634692229324327,0.571537610570769,-0.0,0.7071067811865476
0.9819639278557113,0.8437201632066406,-0.5367832767500864,1.9639278557114226,0.37956309501752133,0.5966002488272361,-0.0,0.7071067811865476
0.9839679358717434,0.8758209533493446,-0.4826361545452692,1.9679358717434867,0.34127529772475845,0.6192989352185885,-0.0,0.7071067811865476
0.9859719438877754,0.9044514154453431,-0.42657664856261773,1.9719438877755509,0.3016352408944577,0.6395437291151735,-0.0,0.7071067811865476
0.9879759519038075,0.9294981049655667,-0.3688268873949136,1.975951903807615,0.26079999316087055,0.6572544131211976,-0.0,0.7071067811865476
0.9899799599198396,0.9508617776195165,-0.3096156970540309,1.9799599198396791,0.21893135894870502,0.6723608109258551,-0.0,0.7071067811865475
0.9919839679358716,0.9684577825980193,-0.24917769427725264,1.9839679358717432,0.1761952373438737,0.6848030653679467,-0.0,0.7071067811865475
0.9939879759519037,0.9822163979911878,-0.18775235688858036,1.9879759519038074,0.13276096473967194,0.6945318756121936,-0.0,0.7071067811865475
0.9959919839679358,0.9920831070525337,-0.12558307489861284,1.9919839679358715,0.08880064386306724,0.7015086924974662,-0.0,0.7071067811865476
0.9979959919839678,0.9980188142145753,-0.0629161861028872,1.9959919839679356,0.04448846183974636,0.7057058712828833,-0.0,0.7071067811865476
1.0,1.0,-1.2246467991473533e-15,2.0,8.659560562354933e-16,0.7071067811865475,-0.0,0.7071067811865476
